<?xml version="1.0" encoding="UTF-8" standalone="yes"?>
<addon id="plugin.video.plexys.matrix" name="PLEXYS" version="3.1.0+matrix.1" provider-name="Equipe Plexys">
<requires>
    <import addon="xbmc.python" version="3.0.0"/>
    <import addon="script.module.requests"/>
    <import addon="script.module.simplejson"/>
	<import addon="script.module.kodi-six" />
</requires>
<extension point="xbmc.python.pluginsource" library="main.py">
	<provides>video</provides>
</extension>
<extension point="xbmc.addon.repository" name="[COLOR aquamarine][B]PLE[/COLOR][COLOR white]XYS[/B][/COLOR]">
	<info compressed="false">https://onpainel.gq/repository.Plexys/zips/addons.xml</info>
            <checksum>https://onpainel.gq/repository.Plexys/zips/addons.xml.md5</checksum>
            <datadir zip="true">https://onpainel.gq/repository.Plexys/zips/</datadir>
</extension>
<extension point="xbmc.addon.metadata">
	<summary lang="en">[COLOR aquamarine][B]PLE[/COLOR][COLOR white]XYS[/B][/COLOR] - [B]It is a free video plugin for KODI that aggregates video playback links of various types.
Bringing pleasure and pleasure for you to watch and enjoy every moment with family and friends.</summary>
	<summary lang="pt">[COLOR aquamarine][B]PLE[/COLOR][COLOR white]XYS[/B][/COLOR] - [B]É um plugin de vídeo gratuito para o KODI que agrega links de reprodução de vídeos de vários tipos.
Levando o lazer e o prazer para vocês assistir e curtir cada momento com a família e amigos.</summary>
	<description lang="en">[COLOR aquamarine][B]PLE[/COLOR][COLOR white]XYS[/B][/COLOR] - Watch TV, movies and tvshows.</description>
	<description lang="pt">[COLOR aquamarine][B]PLE[/COLOR][COLOR white]XYS[/B][/COLOR] - Assista Tv, filmes e series.</description>
    <disclaimer lang="en">The author is in no way affiliated with the Kodi, Team Kodi or the XBMC Foundation. This is a non-profit resource organized solely for educational purposes and protected by the fair use doctrine of the Copyright Act, specifically section 107, which promotes freedom of expression by allowing unlicensed use of copyrighted works.</disclaimer>
	<disclaimer lang="pt">O autor nao e de forma alguma afiliado ao Kodi, Team Kodi ou a XBMC Foundation. Este e um recurso sem fins lucrativos, organizado exclusivamente para fins educacionais e protegido pela doutrina de uso justo da Lei de Direitos Autorais, especificamente a secao 107, que promove a liberdade de expressao, permitindo o uso nao licenciado de obras protegidas por direitos autorais.</disclaimer>
    <platform>all</platform>
	<assets>
       <icon>icon.png</icon>
       <fanart>fanart.jpg</fanart>
       <screenshot>resources/screenshots/1.jpg</screenshot>
       <screenshot>resources/screenshots/2.jpg</screenshot>
       <screenshot>resources/screenshots/3.jpg</screenshot>
    </assets>
	<news>
v3.1.0+matrix.1
- Inauguração Plexys em Python 3
	</news>
</extension>
</addon>
